{"cameraMode":{"drawMode":0,"name":"Shaded","section":"Shading Mode"},"sceneLighting":false,"audioPlay":false,"sceneViewState":{"m_AlwaysRefresh":false,"showFog":true,"showSkybox":false,"showFlares":true,"showImageEffects":true,"showParticleSystems":true,"showVisualEffectGraphs":true,"m_FxEnabled":true},"in2DMode":false,"pivot":{"x":54.194000244140628,"y":1.9925681352615357,"z":-40.082366943359378},"rotation":{"x":0.0934811681509018,"y":-0.3613557815551758,"z":0.036437276750802997,"w":0.9270225763320923},"size":0.6397717595100403,"orthographic":true}