{"cameraMode":{"drawMode":0,"name":"Shaded","section":"Shading Mode"},"sceneLighting":false,"audioPlay":false,"sceneViewState":{"m_AlwaysRefresh":false,"showFog":true,"showSkybox":false,"showFlares":true,"showImageEffects":true,"showParticleSystems":true,"showVisualEffectGraphs":true,"m_FxEnabled":true},"in2DMode":false,"pivot":{"x":54.090999603271487,"y":2.219053268432617,"z":-40.79233169555664},"rotation":{"x":-0.1239667683839798,"y":-0.22072374820709229,"z":0.028297804296016694,"w":-0.9670166373252869},"size":0.19711565971374513,"orthographic":true}