{"cameraMode":{"drawMode":0,"name":"Shaded","section":"Shading Mode"},"sceneLighting":false,"audioPlay":false,"sceneViewState":{"m_AlwaysRefresh":false,"showFog":true,"showSkybox":false,"showFlares":true,"showImageEffects":true,"showParticleSystems":true,"showVisualEffectGraphs":true,"m_FxEnabled":true},"in2DMode":false,"pivot":{"x":-0.003842964768409729,"y":0.04693588614463806,"z":0.20052209496498109},"rotation":{"x":-0.05481971800327301,"y":0.4513155519962311,"z":-0.027790280058979989,"w":-0.8902509808540344},"size":0.3213786482810974,"orthographic":false}