{"cameraMode":{"drawMode":0,"name":"Shaded","section":"Shading Mode"},"sceneLighting":false,"audioPlay":false,"sceneViewState":{"m_AlwaysRefresh":false,"showFog":true,"showSkybox":false,"showFlares":true,"showImageEffects":true,"showParticleSystems":true,"showVisualEffectGraphs":true,"m_FxEnabled":true},"in2DMode":false,"pivot":{"x":49.24307632446289,"y":1.6421916484832764,"z":-0.5031328201293945},"rotation":{"x":0.02238074690103531,"y":0.10149598121643067,"z":0.0023084492422640325,"w":-0.9946008920669556},"size":1.6295655965805054,"orthographic":false}